USE HotelDatabase;

INSERT INTO Room (RoomID,`Type`, ADAAccessible, StandardOc, MaxOc)
Values ( '201', 'Double' , 'YES', '2' , '4'),
( '202', 'Double' , 'YES', '2' , '4'),
( '203', 'Double' , 'NO', '2' , '4'),
( '204', 'Double' , 'YES', '2' , '4'),
( '205', 'Single' , 'No', '2' , '2'),
( '206', 'Single' , 'YES', '2' , '2'),
( '207', 'Single' , 'YES', '2' , '2'),
( '208', 'Single' , 'YES', '2' , '2'),
( '301', 'Double' , 'No', '2' , '4'),
( '302', 'Double' , 'Yes', '2' , '4'),
( '303', 'Double' , 'No', '2' , '4'),
( '304', 'Double' , 'Yes', '2' , '4'),
( '305', 'Single' , 'No', '2' , '2'),
( '306', 'Single' , 'Yes', '2' , '2'),
( '307', 'Single' , 'No', '2' , '2'),
( '308', 'Single' , 'Yes', '2' , '2'),
( '401', 'Suite' , 'Yes', '3' , '8'),
( '402', 'Suite' , 'Yes', '3' , '8');

USE HotelDatabase;
INSERT INTO Reservations (GuestID, CheckInDate, CheckoutDate) VALUES
('2', '2023-02-02', '2023-04-02'),
('3', '2023-02-05', '2023-02-10'),
('4', '2023-02-22', '2023-02-24'),
('5', '2023-03-06', '2023-03-07'),
('1', '2023-03-17', '2023-03-20'),
('6', '2023-03-18', '2023-03-23'),
('7', '2023-03-29', '2023-03-31'),
('8', '2023-03-31', '2023-04-05'),
('9', '2023-04-09', '2023-04-13'),
('10', '2023-04-23', '2023-04-24'),
('11', '2023-05-30', '2023-06-02'),
('12', '2023-06-10', '2023-06-14'),
('12', '2023-06-10', '2023-06-14'),
('6', '2023-06-17', '2023-06-18'),
('1', '2023-06-28', '2023-07-02'),
('9', '2023-07-13', '2023-07-14'),
('10', '2023-07-18', '2023-07-21'),
('3', '2023-07-28', '2023-07-29'),
('3', '2023-08-30', '2023-09-01'),
('2', '2023-09-16', '2023-09-17'),
('5', '2023-09-13', '2023-09-15'),
('4', '2023-11-22', '2023-11-25'),
('2', '2023-11-22', '2023-11-25'),
('2', '2023-11-22', '2023-11-25'),
('11', '2023-12-24', '2023-12-28');


INSERT INTO Guests (FirstName, LastName, Address, City, State, Zip, Phone)
	VALUES ('Dannie', 'Bryan', '355 Old Bore Street', 'Council House',	'PP',	'90210', '291 553-0508'),
    ('Mack', 'Simmer', '379 Old Shore Street', 'Council Bluffs',	'IA',	'951501', '291 553-0508'),
('Bettyann', 'Seery', '750 Wintergreen Dr.', 'Wasilla', 'AK', '99654', '478 277-9632'),
('Duane', 'Cullison','9662 Foxrun Lane', 'Harlingen', 'TX', '78552','308 494-0198'),
('Karie', 'Yang', '9378 W. Augusta Ave.', 'West Deptford', 'NJ', '08096', '214 730-0298'),
('Aurore', 'Lipton',	'762 Wild Rose Street', 'Saginaw', 'MI', '48601', '377 507-0974'),
('Zachery', 'Luechtefeld', '7 Poplar Dr.',	'Arvada',	'CO', '80003', '814 485-2615'),
('Jeremiah', 'Pendergrass', '70 Oakwood St.', 'Zion', 'IL', '60099', '279 491-0960'),
('Walter', 'Holaway', '7556 Arrowhead St.', 'Cumberland', 'RI',	'02864', '446 396-6785'),
('Wilfred', 'Vise', '77 West Surrey Street',	'Oswego', 'NY', '13126', '834 727-1001'),
('Maritza', 'Tilton', '939 Linda Rd.', 'Burke', 'VA',	'22015', '446 351-6860'),
('Joleen', 'Tison', '87 Queen St.', 'Drexel Hill', 'PA', '19026', '231 893-2755');
    
    
INSERT INTO RoomRates (RoomID, BasePrice, ExtraPerson)
	VALUES ('201', '199.99', '10'),	
		('202', '174.99', '10'),	
		('203', '199.99', '10'),	
		('204', '174.99', '10'),	
		('205', '174.99', '0'),	
		('206', '149.99', '0'),	
		('207', '174.99', '0'),	
		('208', '149.99', '0'),	
		('301', '199.99', '10'),	
		('302', '174.99', '10'),	
		('303', '199.99', '10'),	
		('304', '174.99', '10'),	
		('305', '174.99', '0'),	
		('306', '149.99', '0'),	
		('307', '174.99', '0'),	
		('308', '149.99', '0'),	
		('401', '399.99', '20'),	
		('402', '399.99', '20');	


 -- Goes in ok 2 or 3
 
INSERT INTO Amenity (Amenity, Price)
	Values ('Jaccuzzi','25.00'),
		('Microwave', '0'),
        ('Refrigerator', '0'),
        ('Oven', '0');
   
   
   -- NOT RUN YET
INSERT INTO RoomAmenities (RoomId, AmenityID)
VALUES ('201', '2'),
		('201', '1'),	
		('202', '3'),	
		('203', '2'),
        ('203', '1'),	
		('204', '3'),
		('205', '2'),
        ('205', '3'),	
        ('205', '1'),	
		('206', '2'),	
        ('206', '3'),
		('207', '2' ),
        ('207', '3'),
        ('207', '1' ),
		('208', '2'),
        ('208', '1'),	
		('301', '2'),
        ('301', '1'),
		('302', '3'),	
		('303', '2'),
        ('303', '1'),
		('304', '3'),	
		('305', '2'),
        ('305', '3'),
        ('305', '1'),
		('306', '2'),	
        ('306', '1'),	
		('307', '2'),	
        ('307', '3'),	
        ('307', '1'),	
		('308', '2'),	
        ('308', '3'),
		('401', '2'),
        ('401', '3'),
        ('401', '4'),
		('402', '2'),	
        ('402', '3'),
        ('402', '4');
        
        
        

INSERT INTO RoomReservations (ReservationID, RoomRateID, Adults, Children) VALUES
('1', '16', '1', '0'),
('2', '3', '2', '1'),
('3', '13', '2', '0'),
('4', '1', '2', '2'),
('5', '15', '1', '1'),
('6', '10', '3', '0'),
('7', '2', '2', '2'),
('8', '12', '2', '0'),
('9', '9', '1', '0'),
('10', '7', '1', '1'),
('11', '17', '2', '4'),
('12', '6', '2', '0'),
('13', '8', '1', '0'),
('14', '12', '3', '0'),
('15', '5', '2', '0'),
('16', '4', '3', '1'),
('17', '17', '4', '2'),
('18', '11', '2', '1'),
('19', '13', '1', '0'),
('20', '8', '2', '0'),
('21', '3', '2', '2'),
('22', '17', '2' ,'2'),
('23', '6', '2', '0'),
('24', '9', '2', '2'),
('25', '10', '2', '0'); 

